{
  "timestamp": "2025-04-08T22:26:07.566Z",
  "cpu": {
    "usage": 2
  },
  "memory": {
    "total": 7.62109375,
    "used": 2.5322265625,
    "free": 5.0029296875,
    "percentUsed": "33.23"
  }
}