{
  "timestamp": "2025-04-08T22:22:07.539Z",
  "cpu": {
    "usage": 8.6
  },
  "memory": {
    "total": 7.62109375,
    "used": 2.443359375,
    "free": 4.669921875,
    "percentUsed": "32.06"
  }
}